event_type,cluster_id,medoid_lat,medoid_lng,event_count,median_severity,p90_severity,max_severity,first_seen,last_seen,device_count,event_count_norm,median_severity_norm,per_type_score,concern_score,street_name
pothole,pothole_3,53.341711,-6.22824,373,7.0,10.0,10,2025-06-12 18:24:06,2025-09-22 18:48:41,15,1.0,0.7,0.8799999999999999,1.0,Bridge Street
swerve,swerve_3,53.329505,-6.246569,112,6.0,9.0,10,2025-06-16 08:34:10,2025-09-25 07:07:22,21,1.0,0.6666666666666666,0.8666666666666667,0.984848484848485,Waterloo Lane
hard_brake,hard_brake_23,53.339535,-6.265875,80,4.0,10.0,10,2025-06-23 20:11:17,2025-08-16 22:17:05,5,1.0,0.4,0.76,0.8636363636363638,Aungier Street
pothole,pothole_4,53.342509,-6.238955,267,7.0,10.0,10,2025-06-12 18:33:25,2025-09-24 08:06:51,28,0.7158176943699732,0.7,0.7094906166219839,0.8062393370704363,Pearse Street
hard_brake,hard_brake_6,53.329494,-6.246509,67,5.0,9.0,10,2025-06-18 12:26:25,2025-09-18 10:07:12,20,0.8375,0.5,0.7024999999999999,0.7982954545454546,Waterloo Lane
pothole,pothole_52,53.329508,-6.246583,197,9.0,10.0,10,2025-06-16 09:27:59,2025-09-23 17:09:24,19,0.5281501340482574,0.9,0.6768900804289545,0.7691932732147211,Waterloo Lane
hard_brake,hard_brake_13,53.332262,-6.252688,39,8.0,10.0,10,2025-06-21 16:45:57,2025-08-01 11:09:12,8,0.4875,0.8,0.6125,0.6960227272727274,Wilton Terrace
pothole,pothole_28,53.344526,-6.259922,125,10.0,10.0,10,2025-06-13 21:52:53,2025-09-23 17:03:48,25,0.3351206434316354,1.0,0.6010723860589813,0.6830368023397515,College Green
hard_brake,hard_brake_28,53.310633,-6.283167,25,10.0,10.0,10,2025-06-24 00:49:48,2025-06-24 00:52:35,1,0.3125,1.0,0.5875,0.6676136363636365,Terenure Road North
hard_brake,hard_brake_17,53.350513,-6.280219,21,10.0,10.0,10,2025-06-23 11:13:46,2025-06-23 11:17:43,1,0.2625,1.0,0.5575,0.6335227272727273,Brunswick Street North
hard_brake,hard_brake_15,53.348048,-6.291679,20,10.0,10.0,10,2025-06-23 10:37:53,2025-06-23 10:40:26,1,0.25,1.0,0.55,0.6250000000000001,Parkgate Street
pothole,pothole_19,53.330057,-6.264153,88,10.0,10.0,10,2025-06-13 17:51:05,2025-09-23 15:34:19,22,0.2359249329758713,1.0,0.5415549597855228,0.6154033633926397,Cheltenham Place
hard_brake,hard_brake_11,53.32374,-6.27878,23,9.0,10.0,10,2025-06-19 19:41:34,2025-06-24 05:41:36,3,0.2875,0.9,0.5325,0.6051136363636364,Harold's Cross Road
pothole,pothole_10,53.344141,-6.266929,82,10.0,10.0,10,2025-06-13 12:00:56,2025-09-22 16:59:19,18,0.2198391420911528,1.0,0.5319034852546918,0.6044357786985135,Dame Street
hard_brake,hard_brake_27,53.305224,-6.283292,17,10.0,10.0,10,2025-06-24 00:47:47,2025-06-24 00:49:46,1,0.2125,1.0,0.5275000000000001,0.5994318181818183,Rathfarnham Road
hard_brake,hard_brake_29,53.318638,-6.279245,16,10.0,10.0,10,2025-06-24 00:52:55,2025-06-24 00:54:42,1,0.2,1.0,0.52,0.590909090909091,Kenilworth Park
hard_brake,hard_brake_22,53.34296,-6.26441,19,9.0,10.0,10,2025-06-23 19:46:52,2025-09-23 07:36:13,5,0.2375,0.9,0.5025000000000001,0.5710227272727274,South Great George's Street
pothole,pothole_13,53.338013,-6.222656,61,10.0,10.0,10,2025-06-13 14:22:54,2025-09-06 13:46:10,13,0.163538873994638,1.0,0.4981233243967828,0.5660492322690716,Londonbridge Road
pothole,pothole_29,53.34635,-6.241372,61,10.0,10.0,10,2025-06-14 00:57:32,2025-09-24 23:23:22,18,0.163538873994638,1.0,0.4981233243967828,0.5660492322690716,Samuel Beckett Bridge
hard_brake,hard_brake_18,53.358031,-6.250294,13,10.0,10.0,10,2025-06-23 19:26:24,2025-06-23 19:27:48,1,0.1625,1.0,0.4975,0.5653409090909092,Richmond Cottages North
hard_brake,hard_brake_9,53.329399,-6.275641,12,10.0,10.0,10,2025-06-19 13:42:08,2025-08-31 05:36:21,3,0.15,1.0,0.49,0.5568181818181819,Harold's Cross Road
hard_brake,hard_brake_21,53.346718,-6.268146,12,10.0,10.0,10,2025-06-23 19:44:49,2025-06-23 19:46:43,1,0.15,1.0,0.49,0.5568181818181819,Capel Street
hard_brake,hard_brake_24,53.332423,-6.26926,12,10.0,10.0,10,2025-06-23 20:14:32,2025-06-23 20:17:18,1,0.15,1.0,0.49,0.5568181818181819,South Circular Road
swerve,swerve_13,53.309242,-6.237445,25,8.0,9.0,10,2025-06-25 01:26:16,2025-08-20 18:57:49,2,0.2232142857142857,0.8888888888888888,0.489484126984127,0.5562319624819626,Annsbrook
pothole,pothole_31,53.342859,-6.271818,53,10.0,10.0,10,2025-06-14 01:24:34,2025-09-19 17:16:33,16,0.1420911528150134,1.0,0.4852546916890081,0.5514257860102365,High Street
hard_brake,hard_brake_26,53.311748,-6.282708,11,10.0,10.0,10,2025-06-24 00:12:14,2025-06-24 00:13:52,1,0.1375,1.0,0.4825,0.5482954545454547,Terenure Road North
pothole,pothole_48,53.344243,-6.264253,51,10.0,10.0,10,2025-06-15 22:26:21,2025-09-24 08:43:21,13,0.1367292225201072,1.0,0.4820375335120643,0.5477699244455277,Temple Lane South
pothole,pothole_32,53.33625,-6.257427,50,10.0,10.0,10,2025-06-14 03:16:34,2025-09-20 09:54:41,10,0.1340482573726541,1.0,0.4804289544235925,0.5459419936631734,St. Stephen's Green
swerve,swerve_14,53.2974,-6.23373,14,9.0,10.0,10,2025-06-25 01:30:48,2025-08-21 07:19:38,2,0.125,1.0,0.475,0.5397727272727274,Goatstown Road
hard_brake,hard_brake_16,53.354394,-6.294605,10,10.0,10.0,10,2025-06-23 11:06:56,2025-06-23 11:08:33,1,0.125,1.0,0.475,0.5397727272727274,North Circular Road
pothole,pothole_51,53.345784,-6.275581,46,10.0,10.0,10,2025-06-16 08:10:24,2025-09-22 11:37:51,15,0.1233243967828418,1.0,0.4739946380697051,0.5386302705337559,Inns Quay
pothole,pothole_136,53.36032,-6.204228,43,10.0,10.0,10,2025-07-01 14:02:06,2025-08-09 15:24:46,2,0.1152815013404825,1.0,0.4691689008042896,0.5331464781866928,Clontarf Road
pothole,pothole_56,53.347353,-6.259212,67,9.0,10.0,10,2025-06-16 16:56:31,2025-09-24 22:11:07,21,0.1796246648793565,0.9,0.467774798927614,0.5315622715086523,Bachelors Walk
pothole,pothole_75,53.347557,-6.241053,41,10.0,10.0,10,2025-06-19 11:18:02,2025-09-26 06:59:44,15,0.1099195710455764,1.0,0.4659517426273458,0.5294906166219839,Samuel Beckett Bridge
pothole,pothole_117,53.336783,-6.248769,36,10.0,10.0,10,2025-06-17 17:35:39,2025-09-23 08:27:26,10,0.0965147453083109,1.0,0.4579088471849866,0.5203509627102121,Baggot Street Lower
pothole,pothole_63,53.329507,-6.275514,36,10.0,10.0,10,2025-06-18 17:16:00,2025-09-21 15:32:31,14,0.0965147453083109,1.0,0.4579088471849866,0.5203509627102121,Grove Road
hard_brake,hard_brake_20,53.351137,-6.264228,10,9.5,10.0,10,2025-06-23 19:32:13,2025-06-23 19:33:31,1,0.125,0.95,0.455,0.5170454545454546,Parnell Street
pothole,pothole_7,53.34546,-6.255052,32,10.0,10.0,10,2025-06-12 18:43:13,2025-09-09 12:16:51,5,0.0857908847184986,1.0,0.4514745308310992,0.5130392395807947,Tara Street
pothole,pothole_22,53.343228,-6.281428,32,10.0,10.0,10,2025-06-13 18:45:32,2025-09-12 15:37:56,11,0.0857908847184986,1.0,0.4514745308310992,0.5130392395807947,Thomas Street
pothole,pothole_5,53.334299,-6.245407,81,8.0,10.0,10,2025-06-12 18:35:55,2025-09-26 07:00:45,22,0.2171581769436997,0.8,0.4502949061662199,0.5116987570070681,Baggot Street Lower
hard_brake,hard_brake_31,53.337995,-6.239823,12,9.0,10.0,10,2025-06-24 05:54:38,2025-08-11 08:09:58,2,0.15,0.9,0.45,0.5113636363636365,Clanwilliam Place
pothole,pothole_15,53.347266,-6.257218,31,10.0,10.0,10,2025-06-13 11:58:39,2025-09-10 23:14:54,10,0.0831099195710455,1.0,0.4498659517426274,0.5112113087984402,Hawkins Street
pothole,pothole_165,53.347216,-6.235095,28,10.0,10.0,10,2025-06-20 08:04:08,2025-09-12 13:20:37,9,0.0750670241286863,1.0,0.4450402144772118,0.5057275164513771,North Wall Quay
hard_brake,hard_brake_36,53.315277,-6.238013,14,8.5,10.0,10,2025-06-25 01:24:16,2025-09-10 02:32:34,2,0.175,0.85,0.445,0.5056818181818182,Clonskeagh Road
pothole,pothole_66,53.332195,-6.252881,102,7.0,10.0,10,2025-06-12 17:55:39,2025-09-24 06:36:06,21,0.2734584450402145,0.7,0.4440750670241287,0.5046307579819644,Leeson Street Lower
pothole,pothole_92,53.346772,-6.247575,27,10.0,10.0,10,2025-06-23 18:55:53,2025-08-06 07:34:02,3,0.0723860589812332,1.0,0.44343163538874,0.5038995856690227,City Quay
hard_brake,hard_brake_37,53.309242,-6.237445,11,9.0,10.0,10,2025-06-25 01:26:20,2025-06-25 01:30:03,1,0.1375,0.9,0.4425,0.5028409090909092,Annsbrook
pothole,pothole_9,53.143678,-6.061197,51,9.0,10.0,10,2025-06-12 23:32:45,2025-08-06 17:51:57,9,0.1367292225201072,0.9,0.4420375335120644,0.5023153789909823,Killincarrig Road
pothole,pothole_69,53.142716,-6.061415,25,10.0,10.0,10,2025-06-18 20:35:42,2025-08-18 19:09:34,3,0.067024128686327,1.0,0.4402144772117963,0.5002437241043141,Burnaby Road
pothole,pothole_125,53.343501,-6.284857,25,10.0,10.0,10,2025-06-25 20:38:34,2025-09-11 15:02:46,4,0.067024128686327,1.0,0.4402144772117963,0.5002437241043141,Watling Street
pothole,pothole_8,53.12747,-6.063195,25,10.0,10.0,10,2025-06-12 22:28:05,2025-09-24 06:08:52,6,0.067024128686327,1.0,0.4402144772117963,0.5002437241043141,Charlesland Shopping Centre
pothole,pothole_158,53.343552,-6.285712,25,10.0,10.0,10,2025-07-08 18:16:03,2025-08-21 10:14:29,2,0.067024128686327,1.0,0.4402144772117963,0.5002437241043141,James's Street
pothole,pothole_78,53.126897,-6.064156,22,10.0,10.0,10,2025-06-19 20:32:02,2025-09-14 14:45:27,4,0.0589812332439678,1.0,0.4353887399463807,0.4947599317572508,Charlesland Shopping Centre
pothole,pothole_121,53.347064,-6.249119,22,10.0,10.0,10,2025-06-20 16:07:57,2025-07-26 08:46:11,5,0.0589812332439678,1.0,0.4353887399463807,0.4947599317572508,City Quay
pothole,pothole_201,53.332808,-6.242209,22,10.0,10.0,10,2025-07-28 17:23:30,2025-09-07 15:14:04,2,0.0589812332439678,1.0,0.4353887399463807,0.4947599317572508,Pembroke Road
pothole,pothole_122,53.352596,-6.261544,21,10.0,10.0,10,2025-06-21 13:26:53,2025-09-12 17:44:52,9,0.0563002680965147,1.0,0.4337801608579089,0.4929320009748965,Cavendish Row
pothole,pothole_60,53.345829,-6.262494,21,10.0,10.0,10,2025-06-18 02:04:28,2025-09-26 05:07:14,4,0.0563002680965147,1.0,0.4337801608579089,0.4929320009748965,Asdill's Row
pothole,pothole_151,53.360697,-6.182326,21,10.0,10.0,10,2025-07-05 10:43:33,2025-09-12 15:22:01,6,0.0563002680965147,1.0,0.4337801608579089,0.4929320009748965,Clontarf Road
pothole,pothole_58,53.361284,-6.260024,21,10.0,10.0,10,2025-06-16 21:36:33,2025-09-23 08:08:54,10,0.0563002680965147,1.0,0.4337801608579089,0.4929320009748965,Dorset Street Lower
pothole,pothole_30,53.343312,-6.270045,21,10.0,10.0,10,2025-06-14 01:23:02,2025-09-23 20:19:41,10,0.0563002680965147,1.0,0.4337801608579089,0.4929320009748965,Werburgh Street
pothole,pothole_137,53.344412,-6.263346,19,10.0,10.0,10,2025-07-01 14:47:11,2025-08-16 07:24:54,6,0.0509383378016085,1.0,0.4305630026809651,0.4892761394101877,Fownes Street Upper
pothole,pothole_185,53.346816,-6.259892,19,10.0,10.0,10,2025-07-24 12:19:28,2025-09-22 15:18:26,5,0.0509383378016085,1.0,0.4305630026809651,0.4892761394101877,Aston Quay
pothole,pothole_130,53.335581,-6.265316,19,10.0,10.0,10,2025-06-24 02:11:11,2025-09-08 05:56:05,8,0.0509383378016085,1.0,0.4305630026809651,0.4892761394101877,Camden Street Lower
pothole,pothole_93,53.360635,-6.239274,19,10.0,10.0,10,2025-06-20 21:02:38,2025-09-22 09:54:30,6,0.0509383378016085,1.0,0.4305630026809651,0.4892761394101877,Poplar Row
hard_brake,hard_brake_10,53.331953,-6.253556,12,8.5,10.0,10,2025-06-19 08:05:52,2025-08-02 10:55:43,4,0.15,0.85,0.43,0.4886363636363637,Adelaide Road
pothole,pothole_196,53.360181,-6.277259,18,10.0,10.0,10,2025-07-28 07:43:54,2025-07-28 07:46:02,1,0.0482573726541554,1.0,0.4289544235924933,0.4874482086278333,North Circular Road
pothole,pothole_188,53.342998,-6.278657,18,10.0,10.0,10,2025-07-23 16:46:49,2025-09-20 07:36:34,5,0.0482573726541554,1.0,0.4289544235924933,0.4874482086278333,Thomas Street
pothole,pothole_109,53.359896,-6.239935,18,10.0,10.0,10,2025-06-27 15:05:59,2025-09-06 15:11:06,4,0.0482573726541554,1.0,0.4289544235924933,0.4874482086278333,North Strand Road
pothole,pothole_82,53.348261,-6.255493,18,10.0,10.0,10,2025-06-20 16:46:51,2025-09-18 20:26:30,9,0.0482573726541554,1.0,0.4289544235924933,0.4874482086278333,Eden Quay
pothole,pothole_44,53.339834,-6.247013,18,10.0,10.0,10,2025-06-15 18:17:37,2025-07-28 16:29:57,5,0.0482573726541554,1.0,0.4289544235924933,0.4874482086278333,Merrion Square North
pothole,pothole_169,53.343625,-6.240969,18,10.0,10.0,10,2025-07-14 08:11:00,2025-08-20 17:17:21,3,0.0482573726541554,1.0,0.4289544235924933,0.4874482086278333,Macken Street
hard_brake,hard_brake_35,53.325827,-6.255618,25,6.0,10.0,10,2025-06-25 01:15:57,2025-08-08 22:01:37,2,0.3125,0.6,0.4275,0.4857954545454546,Ranelagh
pothole,pothole_171,53.343626,-6.238523,17,10.0,10.0,10,2025-06-25 19:57:34,2025-09-22 19:02:19,9,0.0455764075067024,1.0,0.4273458445040214,0.485620277845479,Grand Canal Square
pothole,pothole_53,53.350631,-6.282162,17,10.0,10.0,10,2025-06-15 09:01:07,2025-09-13 07:35:54,7,0.0455764075067024,1.0,0.4273458445040214,0.485620277845479,Stoneybatter
pothole,pothole_138,53.344773,-6.25227,17,10.0,10.0,10,2025-07-01 16:57:38,2025-07-31 08:04:40,3,0.0455764075067024,1.0,0.4273458445040214,0.485620277845479,Shaw Street
pothole,pothole_150,53.379788,-6.155173,17,10.0,10.0,10,2025-07-05 10:03:51,2025-07-05 10:33:14,1,0.0455764075067024,1.0,0.4273458445040214,0.485620277845479,James Larkin Road
pothole,pothole_113,53.333323,-6.250087,17,10.0,10.0,10,2025-06-27 16:50:28,2025-09-03 16:41:49,5,0.0455764075067024,1.0,0.4273458445040214,0.485620277845479,Cumberland Road
pothole,pothole_49,53.34317,-6.275208,17,10.0,10.0,10,2025-06-16 07:07:13,2025-08-29 15:41:15,6,0.0455764075067024,1.0,0.4273458445040214,0.485620277845479,Cornmarket
pothole,pothole_142,53.352742,-6.249174,17,10.0,10.0,10,2025-06-29 08:22:06,2025-07-25 14:46:28,5,0.0455764075067024,1.0,0.4273458445040214,0.485620277845479,Amiens Street
pothole,pothole_143,53.362499,-6.217898,17,10.0,10.0,10,2025-07-02 14:34:26,2025-08-15 20:51:54,3,0.0455764075067024,1.0,0.4273458445040214,0.485620277845479,Clontarf Road
pothole,pothole_77,53.137069,-6.064236,16,10.0,10.0,10,2025-06-19 19:53:11,2025-07-22 18:47:09,3,0.0428954423592493,1.0,0.4257372654155496,0.4837923470631246,Charlesland Road
pothole,pothole_198,53.358605,-6.25152,16,10.0,10.0,10,2025-07-28 07:48:18,2025-07-28 07:49:58,1,0.0428954423592493,1.0,0.4257372654155496,0.4837923470631246,North Richmond Street
pothole,pothole_50,53.345352,-6.267529,16,10.0,10.0,10,2025-06-16 08:00:42,2025-08-17 05:00:06,8,0.0428954423592493,1.0,0.4257372654155496,0.4837923470631246,Wellington Quay
pothole,pothole_120,53.342305,-6.295002,16,10.0,10.0,10,2025-06-28 19:38:38,2025-07-25 17:47:07,2,0.0428954423592493,1.0,0.4257372654155496,0.4837923470631246,James's Street
pothole,pothole_90,53.332683,-6.251254,16,10.0,10.0,10,2025-06-19 07:39:46,2025-09-18 11:56:53,7,0.0428954423592493,1.0,0.4257372654155496,0.4837923470631246,Wilton Terrace
pothole,pothole_210,53.321103,-6.213087,16,10.0,10.0,10,2025-08-06 19:00:46,2025-08-06 19:06:47,1,0.0428954423592493,1.0,0.4257372654155496,0.4837923470631246,Merlyn Park
pothole,pothole_115,53.336143,-6.265792,16,10.0,10.0,10,2025-06-27 18:32:46,2025-09-20 00:12:10,4,0.0428954423592493,1.0,0.4257372654155496,0.4837923470631246,Camden Street Lower
hard_brake,hard_brake_25,53.317339,-6.280032,14,8.0,10.0,10,2025-06-24 00:10:21,2025-06-24 00:12:11,1,0.175,0.8,0.425,0.4829545454545456,Harold's Cross Road
pothole,pothole_94,53.345975,-6.238013,15,10.0,10.0,10,2025-06-24 12:40:25,2025-09-11 15:45:30,9,0.0402144772117962,1.0,0.4241286863270778,0.4819644162807702,Sir John Rogerson's Quay
pothole,pothole_55,53.341336,-6.236197,15,10.0,10.0,10,2025-06-16 16:27:04,2025-09-20 19:36:10,6,0.0402144772117962,1.0,0.4241286863270778,0.4819644162807702,Barrow Street
pothole,pothole_38,53.342822,-6.250092,15,10.0,10.0,10,2025-06-14 20:40:53,2025-09-15 07:41:12,3,0.0402144772117962,1.0,0.4241286863270778,0.4819644162807702,Westland Row
pothole,pothole_107,53.347443,-6.268417,15,10.0,10.0,10,2025-06-27 08:54:12,2025-08-19 16:35:57,6,0.0402144772117962,1.0,0.4241286863270778,0.4819644162807702,Capel Street
pothole,pothole_141,53.341764,-6.250206,15,10.0,10.0,10,2025-07-02 07:32:12,2025-09-14 11:16:23,6,0.0402144772117962,1.0,0.4241286863270778,0.4819644162807702,Merrion Street Lower
pothole,pothole_131,53.353927,-6.258265,14,10.0,10.0,10,2025-06-16 17:49:28,2025-07-28 15:01:59,4,0.0375335120643431,1.0,0.4225201072386059,0.4801364854984158,Parnell Street
pothole,pothole_184,53.353893,-6.262616,14,10.0,10.0,10,2025-07-23 18:15:52,2025-08-05 20:13:37,4,0.0375335120643431,1.0,0.4225201072386059,0.4801364854984158,Parnell Square East
pothole,pothole_207,53.349707,-6.227257,14,10.0,10.0,10,2025-06-15 17:14:52,2025-09-01 18:00:20,3,0.0375335120643431,1.0,0.4225201072386059,0.4801364854984158,Sheriff Street Upper
pothole,pothole_99,53.339385,-6.261347,14,10.0,10.0,10,2025-06-24 22:30:51,2025-09-12 17:30:03,5,0.0375335120643431,1.0,0.4225201072386059,0.4801364854984158,St. Stephen's Green
pothole,pothole_108,53.347646,-6.239915,14,10.0,10.0,10,2025-06-27 12:29:19,2025-09-21 23:06:22,5,0.0375335120643431,1.0,0.4225201072386059,0.4801364854984158,North Wall Quay
pothole,pothole_106,53.131947,-6.062009,14,10.0,10.0,10,2025-06-26 16:34:02,2025-08-05 16:38:12,4,0.0375335120643431,1.0,0.4225201072386059,0.4801364854984158,Kilfernoc Roundabout
pothole,pothole_96,53.337211,-6.286397,14,10.0,10.0,10,2025-06-19 13:48:48,2025-09-04 09:48:10,7,0.0375335120643431,1.0,0.4225201072386059,0.4801364854984158,Cork Street
pothole,pothole_88,53.346953,-6.29187,13,10.0,10.0,10,2025-06-22 15:58:42,2025-08-18 16:50:27,3,0.03485254691689,1.0,0.420911528150134,0.4783085547160615,Saint John's Road West
pothole,pothole_61,53.363092,-6.258201,13,10.0,10.0,10,2025-06-18 06:32:55,2025-09-20 12:38:13,2,0.03485254691689,1.0,0.420911528150134,0.4783085547160615,Drumcondra Road Lower
pothole,pothole_74,53.133127,-6.062375,13,10.0,10.0,10,2025-06-19 15:16:56,2025-08-03 11:49:52,2,0.03485254691689,1.0,0.420911528150134,0.4783085547160615,Charlesland Road
pothole,pothole_157,53.340375,-6.248534,13,10.0,10.0,10,2025-07-08 17:44:38,2025-08-01 16:44:21,3,0.03485254691689,1.0,0.420911528150134,0.4783085547160615,Merrion Square North
pothole,pothole_159,53.355102,-6.246055,13,10.0,10.0,10,2025-07-08 19:25:25,2025-08-02 12:18:41,3,0.03485254691689,1.0,0.420911528150134,0.4783085547160615,Aldborough Court
pothole,pothole_160,53.348237,-6.251448,13,10.0,10.0,10,2025-06-20 06:56:07,2025-09-21 10:42:45,7,0.03485254691689,1.0,0.420911528150134,0.4783085547160615,Custom House Quay
pothole,pothole_179,53.372273,-6.252595,13,10.0,10.0,10,2025-06-24 14:38:22,2025-09-13 22:22:05,4,0.03485254691689,1.0,0.420911528150134,0.4783085547160615,Drumcondra Road Upper
pothole,pothole_104,53.373305,-6.301112,13,10.0,10.0,10,2025-06-25 22:18:27,2025-08-01 18:35:33,2,0.03485254691689,1.0,0.420911528150134,0.4783085547160615,Royal Canal Way
pothole,pothole_57,53.340075,-6.232233,13,10.0,10.0,10,2025-06-16 17:31:36,2025-07-25 20:58:52,2,0.03485254691689,1.0,0.420911528150134,0.4783085547160615,South Lotts Road
pothole,pothole_197,53.360258,-6.261988,13,10.0,10.0,10,2025-07-28 07:46:34,2025-09-11 05:04:30,2,0.03485254691689,1.0,0.420911528150134,0.4783085547160615,Saint Benedict's Gardens
pothole,pothole_45,53.336277,-6.242504,13,10.0,10.0,10,2025-06-15 18:18:54,2025-08-19 07:58:48,6,0.03485254691689,1.0,0.420911528150134,0.4783085547160615,Herbert Place
pothole,pothole_164,53.34782,-6.244139,12,10.0,10.0,10,2025-07-10 22:53:35,2025-09-21 14:16:56,5,0.032171581769437,1.0,0.4193029490616622,0.4764806239337071,North Wall Quay
pothole,pothole_140,53.366181,-6.255527,12,10.0,10.0,10,2025-06-24 14:40:36,2025-09-20 14:05:39,3,0.032171581769437,1.0,0.4193029490616622,0.4764806239337071,Clonliffe Road
pothole,pothole_81,53.351555,-6.27972,12,10.0,10.0,10,2025-06-20 12:01:11,2025-07-30 21:31:45,2,0.032171581769437,1.0,0.4193029490616622,0.4764806239337071,Grangegorman Lower
pothole,pothole_167,53.341658,-6.278812,12,10.0,10.0,10,2025-07-13 17:52:44,2025-08-09 12:40:04,3,0.032171581769437,1.0,0.4193029490616622,0.4764806239337071,Meath Street
pothole,pothole_35,53.350779,-6.234357,12,10.0,10.0,10,2025-06-14 19:43:10,2025-07-29 14:30:37,3,0.032171581769437,1.0,0.4193029490616622,0.4764806239337071,East Road
pothole,pothole_170,53.335124,-6.244495,12,10.0,10.0,10,2025-07-16 18:40:59,2025-07-31 17:18:41,2,0.032171581769437,1.0,0.4193029490616622,0.4764806239337071,Herbert Place
pothole,pothole_215,53.338951,-6.256864,12,10.0,10.0,10,2025-07-30 12:10:16,2025-09-18 16:17:46,4,0.032171581769437,1.0,0.4193029490616622,0.4764806239337071,St. Stephen's Green
pothole,pothole_153,53.359582,-6.261344,12,10.0,10.0,10,2025-06-25 13:16:32,2025-08-18 06:00:40,7,0.032171581769437,1.0,0.4193029490616622,0.4764806239337071,Dorset Street Lower
pothole,pothole_148,53.350772,-6.250581,12,10.0,10.0,10,2025-06-30 10:48:16,2025-08-16 05:17:40,4,0.032171581769437,1.0,0.4193029490616622,0.4764806239337071,Amiens Street
pothole,pothole_186,53.341814,-6.306498,12,10.0,10.0,10,2025-07-24 21:45:47,2025-07-26 07:36:45,1,0.032171581769437,1.0,0.4193029490616622,0.4764806239337071,Kilmainham Lane
pothole,pothole_98,53.140989,-6.059033,12,10.0,10.0,10,2025-06-13 13:37:09,2025-08-18 13:14:38,6,0.032171581769437,1.0,0.4193029490616622,0.4764806239337071,Mill Road
pothole,pothole_199,53.360509,-6.243417,12,10.0,10.0,10,2025-07-28 07:50:21,2025-07-28 07:51:30,1,0.032171581769437,1.0,0.4193029490616622,0.4764806239337071,Courtney Place
pothole,pothole_65,53.322773,-6.265629,12,10.0,10.0,10,2025-06-18 17:42:09,2025-09-06 15:32:53,6,0.032171581769437,1.0,0.4193029490616622,0.4764806239337071,Rathmines Road Lower
pothole,pothole_135,53.341737,-6.272214,12,10.0,10.0,10,2025-06-30 21:45:07,2025-08-27 13:06:56,3,0.032171581769437,1.0,0.4193029490616622,0.4764806239337071,Nicholas Street
pothole,pothole_86,53.344585,-6.240772,12,10.0,10.0,10,2025-06-20 22:34:45,2025-09-11 07:46:39,6,0.032171581769437,1.0,0.4193029490616622,0.4764806239337071,Cardiff Lane
pothole,pothole_144,53.149901,-6.070762,11,10.0,10.0,10,2025-06-12 20:00:58,2025-07-19 15:52:38,3,0.0294906166219839,1.0,0.4176943699731903,0.4746526931513528,Victoria Road
pothole,pothole_216,53.343127,-6.276222,11,10.0,10.0,10,2025-06-19 21:51:24,2025-09-09 00:27:05,3,0.0294906166219839,1.0,0.4176943699731903,0.4746526931513528,St Augustine Street
pothole,pothole_149,53.373476,-6.165305,11,10.0,10.0,10,2025-07-05 09:57:40,2025-07-05 09:59:51,1,0.0294906166219839,1.0,0.4176943699731903,0.4746526931513528,James Larkin Road
pothole,pothole_100,53.345074,-6.237947,11,10.0,10.0,10,2025-06-24 23:00:30,2025-09-21 13:19:53,3,0.0294906166219839,1.0,0.4176943699731903,0.4746526931513528,Horse Fair
pothole,pothole_205,53.335052,-6.232314,11,10.0,10.0,10,2025-06-23 15:35:33,2025-09-15 18:38:06,4,0.0294906166219839,1.0,0.4176943699731903,0.4746526931513528,Shelbourne Road
pothole,pothole_129,53.337658,-6.266527,11,10.0,10.0,10,2025-06-27 20:19:08,2025-07-26 15:42:36,3,0.0294906166219839,1.0,0.4176943699731903,0.4746526931513528,Kevin Street Lower
pothole,pothole_124,53.340771,-6.287453,11,10.0,10.0,10,2025-06-26 15:06:08,2025-08-31 19:04:19,2,0.0294906166219839,1.0,0.4176943699731903,0.4746526931513528,Bond Street
pothole,pothole_89,53.34052,-6.239281,11,10.0,10.0,10,2025-06-23 07:33:36,2025-06-27 13:42:40,2,0.0294906166219839,1.0,0.4176943699731903,0.4746526931513528,Grand Canal Quay
pothole,pothole_14,53.343386,-6.228169,11,10.0,10.0,10,2025-06-13 14:31:25,2025-08-03 17:59:12,3,0.0294906166219839,1.0,0.4176943699731903,0.4746526931513528,Thorncastle Street
pothole,pothole_156,53.357288,-6.28847,11,10.0,10.0,10,2025-07-08 16:48:54,2025-08-27 13:18:49,4,0.0294906166219839,1.0,0.4176943699731903,0.4746526931513528,North Circular Road
pothole,pothole_87,53.332313,-6.275038,11,10.0,10.0,10,2025-06-21 01:16:44,2025-09-22 16:04:33,5,0.0294906166219839,1.0,0.4176943699731903,0.4746526931513528,Clanbrassil Street Lower
pothole,pothole_212,53.339307,-6.23954,11,10.0,10.0,10,2025-06-27 10:07:47,2025-09-15 16:39:04,5,0.0294906166219839,1.0,0.4176943699731903,0.4746526931513528,Grand Canal Quay
pothole,pothole_161,53.346159,-6.240082,11,10.0,10.0,10,2025-06-18 13:38:10,2025-09-24 19:02:29,7,0.0294906166219839,1.0,0.4176943699731903,0.4746526931513528,Sir John Rogerson's Quay
pothole,pothole_192,53.338739,-6.272151,11,10.0,10.0,10,2025-07-26 15:43:16,2025-07-26 15:44:25,1,0.0294906166219839,1.0,0.4176943699731903,0.4746526931513528,Kevin Street Upper
pothole,pothole_16,53.342798,-6.288391,11,10.0,10.0,10,2025-06-13 16:13:38,2025-06-26 15:08:28,2,0.0294906166219839,1.0,0.4176943699731903,0.4746526931513528,Echlin Street
pothole,pothole_180,53.356138,-6.287478,11,10.0,10.0,10,2025-07-22 02:10:13,2025-07-27 16:05:19,2,0.0294906166219839,1.0,0.4176943699731903,0.4746526931513528,Prussia Street
pothole,pothole_183,53.356611,-6.244138,11,10.0,10.0,10,2025-06-20 21:11:13,2025-09-22 15:37:04,6,0.0294906166219839,1.0,0.4176943699731903,0.4746526931513528,North Strand Road
pothole,pothole_62,53.358567,-6.227394,11,10.0,10.0,10,2025-06-18 15:29:49,2025-07-24 08:58:32,1,0.0294906166219839,1.0,0.4176943699731903,0.4746526931513528,EastPoint Business Park
pothole,pothole_217,53.329239,-6.208976,11,10.0,10.0,10,2025-07-11 15:01:53,2025-09-21 13:40:05,4,0.0294906166219839,1.0,0.4176943699731903,0.4746526931513528,Gilford Avenue
pothole,pothole_64,53.324962,-6.258314,11,10.0,10.0,10,2025-06-18 17:22:37,2025-06-25 20:05:50,2,0.0294906166219839,1.0,0.4176943699731903,0.4746526931513528,Rugby Road
pothole,pothole_68,53.357754,-6.251063,11,10.0,10.0,10,2025-06-18 20:19:09,2025-09-15 20:38:44,3,0.0294906166219839,1.0,0.4176943699731903,0.4746526931513528,North Circular Road
hard_brake,hard_brake_19,53.353909,-6.258095,13,8.0,10.0,10,2025-06-23 19:30:43,2025-07-28 15:01:01,2,0.1625,0.8,0.4175000000000001,0.4744318181818183,Parnell Street
pothole,pothole_195,53.357766,-6.288092,10,10.0,10.0,10,2025-07-28 07:41:43,2025-07-28 07:43:38,1,0.0268096514745308,1.0,0.4160857908847185,0.4728247623689984,Annamoe Road
pothole,pothole_194,53.332702,-6.250066,10,10.0,10.0,10,2025-06-25 18:45:05,2025-09-12 16:35:18,4,0.0268096514745308,1.0,0.4160857908847185,0.4728247623689984,Mespil Road
pothole,pothole_208,53.350078,-6.283028,10,10.0,10.0,10,2025-08-04 18:22:09,2025-08-16 09:02:02,1,0.0268096514745308,1.0,0.4160857908847185,0.4728247623689984,Arbour Hill
pothole,pothole_189,53.341409,-6.258313,10,10.0,10.0,10,2025-07-09 09:02:02,2025-09-12 17:49:10,3,0.0268096514745308,1.0,0.4160857908847185,0.4728247623689984,Royal Hibernian Way
pothole,pothole_206,53.345274,-6.239103,10,10.0,10.0,10,2025-08-01 12:06:09,2025-09-08 17:49:28,3,0.0268096514745308,1.0,0.4160857908847185,0.4728247623689984,Lazer Lane
pothole,pothole_190,53.341857,-6.304771,10,10.0,10.0,10,2025-07-25 18:46:21,2025-07-25 18:47:57,1,0.0268096514745308,1.0,0.4160857908847185,0.4728247623689984,Kilmainham Lane
pothole,pothole_146,53.345489,-6.276948,10,10.0,10.0,10,2025-07-03 12:08:41,2025-08-18 16:21:02,2,0.0268096514745308,1.0,0.4160857908847185,0.4728247623689984,Usher's Quay
pothole,pothole_178,53.330648,-6.260592,10,10.0,10.0,10,2025-06-18 14:53:18,2025-09-24 06:35:33,5,0.0268096514745308,1.0,0.4160857908847185,0.4728247623689984,Charlemont Street
pothole,pothole_175,53.337938,-6.298043,10,10.0,10.0,10,2025-07-18 01:15:14,2025-07-18 01:17:11,1,0.0268096514745308,1.0,0.4160857908847185,0.4728247623689984,James's Street
pothole,pothole_202,53.345718,-6.234562,10,10.0,10.0,10,2025-07-29 14:19:54,2025-09-10 23:08:47,3,0.0268096514745308,1.0,0.4160857908847185,0.4728247623689984,Sir John Rogerson's Quay
pothole,pothole_128,53.358142,-6.254408,10,10.0,10.0,10,2025-06-30 00:55:10,2025-09-24 17:59:47,3,0.0268096514745308,1.0,0.4160857908847185,0.4728247623689984,Emmet Street
pothole,pothole_73,53.34193,-6.281767,10,10.0,10.0,10,2025-06-12 15:53:56,2025-07-21 21:28:02,3,0.0268096514745308,1.0,0.4160857908847185,0.4728247623689984,Thomas Court
pothole,pothole_72,53.343203,-6.258843,10,10.0,10.0,10,2025-06-19 09:30:10,2025-09-23 15:39:40,3,0.0268096514745308,1.0,0.4160857908847185,0.4728247623689984,College Green
pothole,pothole_84,53.341338,-6.238716,10,10.0,10.0,10,2025-06-20 16:54:19,2025-08-19 07:57:17,4,0.0268096514745308,1.0,0.4160857908847185,0.4728247623689984,Grand Canal Quay
pothole,pothole_213,53.352496,-6.286047,10,10.0,10.0,10,2025-08-27 12:14:13,2025-08-27 12:20:35,1,0.0268096514745308,1.0,0.4160857908847185,0.4728247623689984,Ostman Place
pothole,pothole_214,53.340664,-6.274378,10,10.0,10.0,10,2025-08-27 12:21:46,2025-08-27 12:23:06,1,0.0268096514745308,1.0,0.4160857908847185,0.4728247623689984,Francis Street
pothole,pothole_105,53.346891,-6.2312,10,10.0,10.0,10,2025-06-26 13:00:47,2025-09-21 11:51:16,5,0.0268096514745308,1.0,0.4160857908847185,0.4728247623689984,North Wall Quay
pothole,pothole_145,53.345172,-6.269545,20,9.5,10.0,10,2025-07-02 18:18:51,2025-09-10 19:34:08,6,0.0536193029490616,0.95,0.412171581769437,0.4683767974652694,Essex Quay
pothole,pothole_133,53.337646,-6.264614,7,10.0,10.0,10,2025-06-30 18:27:32,2025-09-20 00:36:09,5,0.0187667560321715,1.0,0.4112600536193029,0.4673409700219352,Cuffe Street
pothole,pothole_6,53.343383,-6.245568,79,7.0,10.0,10,2025-06-12 18:41:51,2025-09-22 07:31:44,15,0.2117962466487935,0.7,0.4070777479892761,0.4625883499878138,Pearse Street
pothole,pothole_95,53.368953,-6.285991,12,9.5,10.0,10,2025-06-24 14:50:32,2025-06-25 22:15:54,1,0.032171581769437,0.95,0.3993029490616622,0.4537533512064343,Royal Canal Way
pothole,pothole_42,53.341136,-6.250663,23,9.0,10.0,10,2025-06-15 16:46:01,2025-09-23 16:23:54,12,0.0616621983914209,0.9,0.3969973190348526,0.4511333170850598,Merrion Square North
pothole,pothole_211,53.358091,-6.253194,10,9.5,10.0,10,2025-06-15 05:52:13,2025-09-11 06:56:56,4,0.0268096514745308,0.95,0.3960857908847185,0.4500974896417256,North Circular Road
swerve,swerve_20,53.334439,-6.245663,24,6.0,9.0,10,2025-06-24 17:14:51,2025-07-26 16:02:56,3,0.2142857142857142,0.6666666666666666,0.3952380952380952,0.4491341991341991,Baggot Street Lower
pothole,pothole_0,53.342342,-6.264572,21,9.0,10.0,10,2025-06-12 16:19:25,2025-09-15 18:28:36,10,0.0563002680965147,0.9,0.3937801608579089,0.447477455520351,South Great George's Street
pothole,pothole_11,53.345005,-6.272509,20,9.0,10.0,10,2025-06-13 12:02:14,2025-09-20 01:57:29,6,0.0536193029490616,0.9,0.392171581769437,0.4456495247379967,Merchant's Quay
pothole,pothole_26,53.337815,-6.265697,56,7.5,10.0,10,2025-06-13 20:22:52,2025-09-22 19:19:28,14,0.1501340482573726,0.75,0.3900804289544236,0.443273214720936,Cuffe Street
pothole,pothole_33,53.333191,-6.216479,16,9.0,10.0,10,2025-06-14 17:06:57,2025-08-26 12:01:53,8,0.0428954423592493,0.9,0.3857372654155496,0.4383378016085792,Sandymount Road
pothole,pothole_119,53.345886,-6.254591,15,9.0,10.0,10,2025-06-15 21:31:49,2025-09-08 14:12:33,5,0.0402144772117962,0.9,0.3841286863270778,0.4365098708262248,Townsend Street
pothole,pothole_70,53.343007,-6.264303,15,9.0,10.0,10,2025-06-19 07:26:22,2025-08-29 08:15:14,9,0.0402144772117962,0.9,0.3841286863270778,0.4365098708262248,Exchequer Street
hard_brake,hard_brake_33,53.334566,-6.245336,19,6.0,10.0,10,2025-06-19 08:08:18,2025-09-06 07:29:28,4,0.2375,0.6,0.3824999999999999,0.4346590909090909,Herbert Place
hard_brake,hard_brake_32,53.33768,-6.240464,19,6.0,10.0,10,2025-06-16 21:31:30,2025-08-08 11:38:17,6,0.2375,0.6,0.3824999999999999,0.4346590909090909,Clanwilliam Place
pothole,pothole_134,53.338702,-6.238976,13,9.0,10.0,10,2025-06-15 16:42:40,2025-09-22 15:29:24,7,0.03485254691689,0.9,0.380911528150134,0.432854009261516,Grand Canal Street Lower
pothole,pothole_163,53.360736,-6.270871,13,9.0,10.0,10,2025-06-24 13:04:09,2025-08-19 15:51:03,4,0.03485254691689,0.9,0.380911528150134,0.432854009261516,North Circular Road
pothole,pothole_40,53.344336,-6.262315,11,9.0,10.0,10,2025-06-15 02:02:27,2025-08-22 21:40:59,3,0.0294906166219839,0.9,0.3776943699731904,0.4291981476968073,Dame Street
pothole,pothole_76,53.3221,-6.274953,10,9.0,10.0,10,2025-06-19 18:17:51,2025-07-13 04:54:53,2,0.0268096514745308,0.9,0.3760857908847185,0.4273702169144529,Leinster Road
pothole,pothole_152,53.340473,-6.26566,10,9.0,10.0,10,2025-06-15 19:05:05,2025-07-30 11:17:15,6,0.0268096514745308,0.9,0.3760857908847185,0.4273702169144529,Aungier Street
pothole,pothole_182,53.332441,-6.235499,10,9.0,10.0,10,2025-06-27 17:06:50,2025-09-18 12:07:04,7,0.0268096514745308,0.9,0.3760857908847185,0.4273702169144529,Northumberland Road
pothole,pothole_27,53.345852,-6.257295,58,7.0,10.0,10,2025-06-13 21:16:59,2025-09-24 18:59:20,18,0.1554959785522788,0.7,0.3732975871313672,0.4242018035583719,College Street
pothole,pothole_59,53.338972,-6.273006,20,8.5,10.0,10,2025-06-16 21:42:32,2025-09-04 18:32:24,8,0.0536193029490616,0.85,0.372171581769437,0.422922252010724,Dean Street
pothole,pothole_187,53.345537,-6.255906,7,9.0,10.0,10,2025-07-05 16:11:55,2025-09-13 18:01:08,3,0.0187667560321715,0.9,0.371260053619303,0.4218864245673898,Pearse Street
pothole,pothole_21,53.337808,-6.233545,18,8.5,10.0,10,2025-06-13 18:39:37,2025-08-18 17:05:30,7,0.0482573726541554,0.85,0.3689544235924933,0.4192663904460151,South Lotts Road
pothole,pothole_154,53.339183,-6.223222,16,8.5,10.0,10,2025-06-20 18:08:31,2025-09-18 21:00:00,4,0.0428954423592493,0.85,0.3657372654155496,0.4156105288813064,Irishtown Road
swerve,swerve_4,53.337877,-6.240444,10,7.0,9.0,9,2025-06-17 09:25:41,2025-09-25 06:59:22,4,0.0892857142857142,0.7777777777777778,0.3646825396825396,0.4144119769119769,Clanwilliam Place
pothole,pothole_209,53.326142,-6.225493,12,8.5,10.0,10,2025-08-05 09:40:33,2025-08-07 23:50:44,2,0.032171581769437,0.85,0.3593029490616622,0.4082988057518889,Simmonscourt Road
pothole,pothole_102,53.132672,-6.071528,10,8.5,10.0,10,2025-06-19 21:14:47,2025-07-25 12:06:32,6,0.0268096514745308,0.85,0.3560857908847185,0.4046429441871802,Mill Road
pothole,pothole_181,53.34011,-6.307623,10,8.5,10.0,10,2025-07-22 19:29:11,2025-08-22 17:20:52,4,0.0268096514745308,0.85,0.3560857908847185,0.4046429441871802,South Circular Road
pothole,pothole_147,53.344691,-6.291408,10,8.5,10.0,10,2025-07-03 16:47:19,2025-08-18 16:51:46,3,0.0268096514745308,0.85,0.3560857908847185,0.4046429441871802,Steeven's Lane
hard_brake,hard_brake_40,53.360154,-6.204825,20,5.0,8.100000000000001,10,2025-07-01 14:02:41,2025-08-02 12:51:02,1,0.25,0.5,0.35,0.3977272727272727,Clontarf Road
pothole,pothole_112,53.345227,-6.275789,18,8.0,10.0,10,2025-06-26 15:12:08,2025-09-18 23:27:58,7,0.0482573726541554,0.8,0.3489544235924933,0.3965391177187425,Merchant's Quay
pothole,pothole_18,53.327608,-6.226031,17,8.0,10.0,10,2025-06-13 16:57:38,2025-07-23 12:28:53,4,0.0455764075067024,0.8,0.3473458445040215,0.3947111869363881,Merrion Road
swerve,swerve_0,53.127488,-6.063241,15,6.0,9.6,10,2025-06-12 22:47:57,2025-09-22 07:22:17,6,0.1339285714285714,0.6666666666666666,0.3470238095238095,0.3943452380952381,Charlesland Shopping Centre
hard_brake,hard_brake_47,53.361581,-6.200798,14,6.0,7.700000000000001,10,2025-07-03 13:28:33,2025-07-17 14:24:37,1,0.175,0.6,0.345,0.3920454545454546,Kincora Park
pothole,pothole_97,53.329233,-6.231374,14,8.0,10.0,10,2025-06-24 18:29:26,2025-09-24 13:45:27,7,0.0375335120643431,0.8,0.3425201072386059,0.389227394589325,Ball's Bridge
hard_brake,hard_brake_5,53.344092,-6.264452,19,5.0,10.0,10,2025-06-15 23:03:52,2025-07-29 12:02:57,4,0.2375,0.5,0.3425,0.3892045454545455,South Great George's Street
pothole,pothole_25,53.343004,-6.243283,13,8.0,10.0,10,2025-06-13 19:55:36,2025-08-19 06:42:13,4,0.03485254691689,0.8,0.3409115281501341,0.3873994638069706,Pearse Street
pothole,pothole_168,53.336817,-6.259588,13,8.0,10.0,10,2025-06-22 09:57:05,2025-09-24 10:44:03,5,0.03485254691689,0.8,0.3409115281501341,0.3873994638069706,St. Stephen's Green
hard_brake,hard_brake_38,53.338471,-6.266112,24,4.0,7.399999999999999,9,2025-06-30 07:54:19,2025-09-23 07:34:18,4,0.3,0.4,0.34,0.3863636363636364,Aungier Street
hard_brake,hard_brake_42,53.330024,-6.264275,16,5.5,7.0,8,2025-06-21 15:05:49,2025-09-13 15:16:09,6,0.2,0.55,0.34,0.3863636363636364,La Touche Bridge
pothole,pothole_12,53.336224,-6.237865,36,7.0,10.0,10,2025-06-13 13:34:48,2025-09-18 12:09:43,10,0.0965147453083109,0.7,0.3379088471849865,0.3839873263465757,Haddington Road
pothole,pothole_193,53.339979,-6.278784,11,8.0,10.0,10,2025-07-12 15:40:44,2025-07-27 00:23:18,3,0.0294906166219839,0.8,0.3376943699731904,0.3837436022422619,Reginald Square
pothole,pothole_39,53.323828,-6.251002,11,8.0,10.0,10,2025-06-13 13:57:29,2025-09-21 17:31:00,5,0.0294906166219839,0.8,0.3376943699731904,0.3837436022422619,Ranelagh
swerve,swerve_16,53.135623,-6.079248,13,6.0,9.8,10,2025-06-19 13:05:07,2025-07-23 19:50:36,2,0.1160714285714285,0.6666666666666666,0.3363095238095238,0.3821699134199135,Castle Villas
pothole,pothole_34,53.348133,-6.257481,10,8.0,10.0,10,2025-06-14 18:41:10,2025-08-29 15:13:50,5,0.0268096514745308,0.8,0.3360857908847185,0.3819156714599075,Marlborough Street
pothole,pothole_43,53.344163,-6.249094,31,7.0,10.0,10,2025-06-15 17:29:14,2025-08-23 05:02:29,6,0.0831099195710455,0.7,0.3298659517426273,0.3748476724348038,Lombard Street East
pothole,pothole_54,53.340297,-6.243333,16,7.5,10.0,10,2025-06-16 13:43:41,2025-07-30 20:46:06,3,0.0428954423592493,0.75,0.3257372654155496,0.370155983426761,Grattan Street
swerve,swerve_10,53.33231,-6.252522,11,6.0,9.0,9,2025-06-24 17:16:02,2025-09-11 17:33:19,3,0.0982142857142857,0.6666666666666666,0.3255952380952381,0.3699945887445888,Wilton Terrace
swerve,swerve_30,53.348559,-6.259849,11,6.0,9.0,10,2025-06-13 18:56:08,2025-07-28 18:21:08,4,0.0982142857142857,0.6666666666666666,0.3255952380952381,0.3699945887445888,O'Connell Street Lower
pothole,pothole_46,53.328089,-6.226658,14,7.5,10.0,10,2025-06-15 19:41:48,2025-08-07 18:50:09,4,0.0375335120643431,0.75,0.3225201072386059,0.3665001218620522,Serpentine Avenue
hard_brake,hard_brake_51,53.347662,-6.241039,11,6.0,9.0,10,2025-07-02 12:39:03,2025-09-26 07:01:33,5,0.1375,0.6,0.3225,0.3664772727272727,North Wall Quay
hard_brake,hard_brake_30,53.334149,-6.246488,11,6.0,10.0,10,2025-06-24 05:51:52,2025-09-13 16:24:02,3,0.1375,0.6,0.3225,0.3664772727272727,Wilton Terrace
pothole,pothole_103,53.338193,-6.25571,26,7.0,10.0,10,2025-06-15 18:13:37,2025-09-22 10:31:57,9,0.0697050938337801,0.7,0.3218230563002681,0.365708018523032,St. Stephen's Green
pothole,pothole_20,53.337677,-6.240466,25,7.0,10.0,10,2025-06-13 18:09:45,2025-09-21 23:01:59,14,0.067024128686327,0.7,0.3202144772117962,0.3638800877406775,Clanwilliam Place
swerve,swerve_12,53.325827,-6.255618,14,5.5,8.400000000000002,9,2025-06-25 01:16:02,2025-09-17 21:38:43,3,0.125,0.6111111111111112,0.3194444444444445,0.3630050505050506,Ranelagh
pothole,pothole_123,53.330267,-6.262041,10,7.5,10.0,10,2025-06-14 11:31:07,2025-09-18 15:27:59,7,0.0268096514745308,0.75,0.3160857908847185,0.3591883987326347,Charlemont Mall
pothole,pothole_200,53.335151,-6.246306,10,7.5,10.0,10,2025-07-28 16:30:12,2025-09-12 19:37:32,2,0.0268096514745308,0.75,0.3160857908847185,0.3591883987326347,Herbert Street
hard_brake,hard_brake_14,53.342021,-6.274489,15,5.0,8.6,10,2025-06-22 16:55:06,2025-06-22 17:06:00,1,0.1875,0.5,0.3125,0.3551136363636364,Dean Swift Square
swerve,swerve_6,53.330024,-6.264275,16,5.0,8.0,9,2025-06-23 17:14:57,2025-09-02 16:54:40,5,0.1428571428571428,0.5555555555555556,0.3079365079365079,0.34992784992785,La Touche Bridge
pothole,pothole_80,53.34621,-6.258973,16,7.0,9.5,10,2025-06-20 03:18:56,2025-09-12 21:00:32,6,0.0428954423592493,0.7,0.3057372654155496,0.3474287106994882,Westmoreland
hard_brake,hard_brake_3,53.326702,-6.264867,14,5.0,9.0,9,2025-06-14 18:32:26,2025-08-12 15:21:22,2,0.175,0.5,0.305,0.3465909090909091,Rathmines Road Lower
swerve,swerve_2,53.32665,-6.264876,15,5.0,9.0,10,2025-06-13 19:07:54,2025-08-12 15:22:24,2,0.1339285714285714,0.5555555555555556,0.3025793650793651,0.3438401875901877,Rathmines Road Lower
hard_brake,hard_brake_44,53.345227,-6.275789,16,4.5,9.0,10,2025-07-02 11:37:17,2025-09-18 23:28:21,3,0.2,0.45,0.3,0.340909090909091,Merchant's Quay
pothole,pothole_67,53.339519,-6.265517,37,6.0,10.0,10,2025-06-18 18:25:29,2025-09-08 22:31:00,9,0.099195710455764,0.6,0.2995174262734584,0.3403607116743846,York Street
pothole,pothole_203,53.107876,-6.084851,12,7.0,10.0,10,2025-07-29 18:31:59,2025-07-29 18:34:27,1,0.032171581769437,0.7,0.2993029490616621,0.3401169875700707,Kilquade Road
pothole,pothole_118,53.342205,-6.254387,12,7.0,10.0,10,2025-06-21 15:27:04,2025-09-24 16:42:39,6,0.032171581769437,0.7,0.2993029490616621,0.3401169875700707,Leinster Street South
pothole,pothole_79,53.340866,-6.245655,11,7.0,10.0,10,2025-06-19 21:04:14,2025-09-23 07:14:56,6,0.0294906166219839,0.7,0.2976943699731903,0.3382890567877163,Holles Street
pothole,pothole_47,53.352632,-6.284222,11,7.0,10.0,10,2025-06-15 20:52:47,2025-09-10 07:57:01,3,0.0294906166219839,0.7,0.2976943699731903,0.3382890567877163,Manor Street
swerve,swerve_17,53.331484,-6.245423,14,5.0,9.0,10,2025-06-30 10:58:15,2025-09-08 12:41:35,3,0.125,0.5555555555555556,0.2972222222222222,0.3377525252525253,Waterloo Lane
pothole,pothole_172,53.3292,-6.264309,10,7.0,10.0,10,2025-06-15 11:50:31,2025-07-25 10:52:59,7,0.0268096514745308,0.7,0.2960857908847185,0.3364611260053619,Rathmines Road Lower
pothole,pothole_116,53.337516,-6.256264,10,7.0,10.0,10,2025-06-28 01:10:40,2025-09-20 14:22:23,4,0.0268096514745308,0.7,0.2960857908847185,0.3364611260053619,St. Stephen's Green
swerve,swerve_15,53.286776,-6.225513,13,5.0,9.0,9,2025-06-25 01:34:29,2025-06-25 01:36:36,1,0.1160714285714285,0.5555555555555556,0.2918650793650794,0.3316648629148629,Kilmacud Road Upper
pothole,pothole_37,53.335066,-6.219138,18,6.5,10.0,10,2025-06-14 20:31:39,2025-09-19 18:54:27,2,0.0482573726541554,0.65,0.2889544235924933,0.3283572995369242,Sandymount Road
pothole,pothole_23,53.348509,-6.25963,29,6.0,10.0,10,2025-06-13 18:54:58,2025-09-18 01:59:09,14,0.0777479892761394,0.6,0.2866487935656836,0.3257372654155496,O'Connell Street Lower
swerve,swerve_5,53.132607,-6.071404,12,5.0,9.0,9,2025-06-21 00:03:31,2025-09-26 14:32:33,5,0.1071428571428571,0.5555555555555556,0.2865079365079365,0.3255772005772006,Mill path
pothole,pothole_1,53.337146,-6.234853,53,5.0,10.0,10,2025-06-12 17:59:42,2025-09-23 16:48:11,9,0.1420911528150134,0.5,0.2852546916890081,0.3241530587375092,Haddington Road
hard_brake,hard_brake_45,53.340398,-6.263594,11,5.0,8.0,8,2025-07-06 00:45:06,2025-08-10 01:57:34,3,0.1375,0.5,0.2825,0.3210227272727273,Mercer Street
hard_brake,hard_brake_43,53.378061,-6.214163,11,5.0,6.0,10,2025-07-08 12:27:01,2025-07-29 15:10:49,1,0.1375,0.5,0.2825,0.3210227272727273,Malahide Road
swerve,swerve_24,53.331969,-6.252493,11,5.0,9.0,9,2025-07-03 10:55:12,2025-09-17 13:17:28,3,0.0982142857142857,0.5555555555555556,0.2811507936507936,0.3194895382395383,Sussex Terrace
swerve,swerve_7,53.342868,-6.264424,19,4.0,9.0,10,2025-06-20 01:03:17,2025-07-31 11:33:51,5,0.1696428571428571,0.4444444444444444,0.279563492063492,0.3176857864357865,South Great George's Street
pothole,pothole_176,53.331484,-6.245423,12,6.5,10.0,10,2025-07-01 10:58:34,2025-08-06 11:07:38,2,0.032171581769437,0.65,0.2793029490616622,0.317389714842798,Waterloo Lane
swerve,swerve_23,53.339296,-6.264497,27,3.0,8.0,8,2025-07-05 11:24:03,2025-08-01 11:28:12,1,0.2410714285714285,0.3333333333333333,0.2779761904761905,0.3158820346320347,York Street
pothole,pothole_204,53.338189,-6.269433,10,6.5,10.0,10,2025-06-16 21:21:47,2025-07-30 17:20:41,4,0.0268096514745308,0.65,0.2760857908847185,0.3137338532780893,Kevin Street Upper
swerve,swerve_31,53.338185,-6.222643,10,5.0,7.0,7,2025-07-11 14:50:40,2025-08-29 18:11:16,4,0.0892857142857142,0.5555555555555556,0.2757936507936508,0.3134018759018759,Irishtown Road
hard_brake,hard_brake_1,53.12755,-6.063127,15,4.0,8.6,9,2025-06-12 22:26:58,2025-08-18 18:18:54,3,0.1875,0.4,0.2725,0.309659090909091,Charlesland
pothole,pothole_110,53.35458,-6.246685,19,6.0,10.0,10,2025-06-27 15:07:21,2025-09-18 20:48:35,5,0.0509383378016085,0.6,0.2705630026809651,0.3074579575920058,Amiens Street
hard_brake,hard_brake_48,53.389682,-6.27074,12,4.5,9.8,10,2025-07-17 12:58:47,2025-07-30 13:12:50,1,0.15,0.45,0.27,0.3068181818181819,Glasnevin Drive
swerve,swerve_8,53.339535,-6.265875,17,4.0,8.4,10,2025-06-23 20:11:47,2025-07-31 15:02:23,2,0.1517857142857142,0.4444444444444444,0.2688492063492063,0.3055104617604617,Aungier Street
pothole,pothole_36,53.338154,-6.236897,17,6.0,10.0,10,2025-06-14 20:21:20,2025-09-22 08:02:08,7,0.0455764075067024,0.6,0.2673458445040214,0.3038020960272971,Barrow Street
pothole,pothole_111,53.342539,-6.255727,17,6.0,10.0,10,2025-06-19 17:24:42,2025-09-01 14:26:54,5,0.0455764075067024,0.6,0.2673458445040214,0.3038020960272971,Nassau Street
pothole,pothole_17,53.326569,-6.264891,40,5.0,10.0,10,2025-06-13 16:24:08,2025-08-14 18:36:15,5,0.1072386058981233,0.5,0.264343163538874,0.3003899585669023,Rathmines Road Lower
swerve,swerve_9,53.341721,-6.228077,12,4.5,9.0,10,2025-06-24 15:54:42,2025-09-19 18:05:11,3,0.1071428571428571,0.5,0.2642857142857143,0.3003246753246754,Bridge Street
pothole,pothole_71,53.333091,-6.243063,15,6.0,10.0,10,2025-06-19 07:37:30,2025-08-15 19:51:10,7,0.0402144772117962,0.6,0.2641286863270777,0.3001462344625883,Baggot Street Upper
pothole,pothole_24,53.336291,-6.222131,15,6.0,10.0,10,2025-06-13 19:12:16,2025-07-29 15:48:29,4,0.0402144772117962,0.6,0.2641286863270777,0.3001462344625883,Tritonville Road
pothole,pothole_127,53.347414,-6.251823,13,6.0,10.0,10,2025-06-29 22:46:46,2025-09-18 19:45:01,7,0.03485254691689,0.6,0.260911528150134,0.2964903728978796,Moss Street
pothole,pothole_91,53.341597,-6.265279,12,6.0,10.0,10,2025-06-23 18:16:18,2025-07-30 12:14:44,6,0.032171581769437,0.6,0.2593029490616622,0.2946624421155252,South Great George's Street
swerve,swerve_25,53.354697,-6.246509,15,4.0,6.0,8,2025-07-05 12:23:58,2025-09-23 18:12:04,4,0.1339285714285714,0.4444444444444444,0.2581349206349206,0.2933351370851371,North Strand Road
swerve,swerve_27,53.347494,-6.240904,15,4.0,7.199999999999999,9,2025-06-13 16:27:09,2025-09-17 09:12:13,7,0.1339285714285714,0.4444444444444444,0.2581349206349206,0.2933351370851371,Samuel Beckett Bridge
pothole,pothole_155,53.337629,-6.262835,11,6.0,10.0,10,2025-06-15 18:11:01,2025-08-05 15:22:41,4,0.0294906166219839,0.6,0.2576943699731903,0.2928345113331709,Cuffe Street
pothole,pothole_173,53.339463,-6.246634,11,6.0,10.0,10,2025-06-24 07:45:14,2025-08-17 14:42:13,7,0.0294906166219839,0.6,0.2576943699731903,0.2928345113331709,Merrion Square East
pothole,pothole_166,53.346423,-6.243763,10,6.0,10.0,10,2025-06-18 12:22:52,2025-09-24 22:54:07,8,0.0268096514745308,0.6,0.2560857908847185,0.2910065805508165,Sir John Rogerson's Quay
hard_brake,hard_brake_34,53.333429,-6.248928,10,4.5,10.0,10,2025-06-24 17:22:08,2025-07-19 14:44:54,4,0.125,0.45,0.255,0.2897727272727273,Wilton Terrace
hard_brake,hard_brake_12,53.332358,-6.250638,10,4.5,6.1,7,2025-06-19 19:48:07,2025-08-07 11:13:00,2,0.125,0.45,0.255,0.2897727272727273,Mespil Road
hard_brake,hard_brake_49,53.351745,-6.251523,10,4.5,9.0,9,2025-07-19 16:50:12,2025-07-19 21:36:19,1,0.125,0.45,0.255,0.2897727272727273,Joyce's Walk
pothole,pothole_2,53.338634,-6.233063,34,5.0,10.0,10,2025-06-12 18:15:15,2025-08-06 17:54:53,9,0.0911528150134048,0.5,0.2546916890080429,0.289422373872776,South Lotts Road
swerve,swerve_22,53.38055,-6.175281,10,4.5,5.0,5,2025-07-08 13:19:51,2025-07-25 14:24:41,1,0.0892857142857142,0.5,0.2535714285714285,0.2881493506493506,Station Road
pothole,pothole_191,53.340947,-6.265541,7,6.0,10.0,10,2025-06-28 21:29:44,2025-09-19 13:03:07,7,0.0187667560321715,0.6,0.2512600536193029,0.2855227882037534,Aungier Street
hard_brake,hard_brake_2,53.346811,-6.241132,12,4.0,6.800000000000001,8,2025-06-14 00:57:30,2025-08-19 15:57:49,4,0.15,0.4,0.25,0.2840909090909091,Samuel Beckett Bridge
hard_brake,hard_brake_7,53.337401,-6.262908,12,4.0,10.0,10,2025-06-18 18:35:47,2025-08-28 04:08:49,4,0.15,0.4,0.25,0.2840909090909091,Harcourt Street
swerve,swerve_26,53.336337,-6.257505,11,4.0,7.0,8,2025-07-11 15:13:24,2025-09-11 17:29:26,2,0.0982142857142857,0.4444444444444444,0.2367063492063492,0.2689844877344877,St. Stephen's Green
pothole,pothole_132,53.339296,-6.264497,21,5.0,10.0,10,2025-06-30 11:30:01,2025-08-06 11:37:50,1,0.0563002680965147,0.5,0.2337801608579088,0.2656592737021692,York Street
hard_brake,hard_brake_0,53.331484,-6.245423,15,3.0,6.799999999999999,8,2025-06-13 09:02:38,2025-08-06 11:08:33,3,0.1875,0.3,0.2324999999999999,0.2642045454545454,Waterloo Lane
swerve,swerve_29,53.345005,-6.272509,10,4.0,8.2,10,2025-07-27 12:53:36,2025-08-02 05:57:41,1,0.0892857142857142,0.4444444444444444,0.2313492063492063,0.2628968253968254,Merchant's Quay
swerve,swerve_11,53.334286,-6.255315,14,3.5,8.0,9,2025-06-12 17:07:15,2025-08-23 19:49:28,3,0.125,0.3888888888888889,0.2305555555555555,0.2619949494949495,Leeson Street Lower
pothole,pothole_114,53.339079,-6.240229,14,5.0,10.0,10,2025-06-20 18:43:44,2025-07-27 14:01:34,3,0.0375335120643431,0.5,0.2225201072386059,0.2528637582256886,Grand Canal Street Lower
pothole,pothole_126,53.336546,-6.265553,13,5.0,10.0,10,2025-06-22 14:05:46,2025-09-24 07:54:33,7,0.03485254691689,0.5,0.220911528150134,0.2510358274433342,Wexford Street
pothole,pothole_41,53.331214,-6.264419,11,5.0,10.0,10,2025-06-15 11:34:47,2025-08-01 11:14:51,6,0.0294906166219839,0.5,0.2176943699731903,0.2473799658786254,Richmond Street South
pothole,pothole_139,53.338243,-6.253732,10,5.0,10.0,10,2025-06-14 01:17:02,2025-09-11 14:26:46,5,0.0268096514745308,0.5,0.2160857908847185,0.245552035096271,Merrion Row
hard_brake,hard_brake_46,53.356823,-6.243977,10,3.5,6.1,7,2025-07-10 12:00:26,2025-09-23 15:51:14,3,0.125,0.35,0.2149999999999999,0.2443181818181818,North Strand Road
swerve,swerve_18,53.338395,-6.266112,23,2.0,8.0,10,2025-07-01 14:55:18,2025-08-02 14:08:20,2,0.2053571428571428,0.2222222222222222,0.2121031746031746,0.2410263347763348,Aungier Street
pothole,pothole_83,53.344616,-6.238303,14,4.5,10.0,10,2025-06-13 07:44:31,2025-09-24 08:27:27,9,0.0375335120643431,0.45,0.2025201072386059,0.2301364854984158,Forbes Street
hard_brake,hard_brake_4,53.345821,-6.255134,11,3.0,7.0,10,2025-06-15 21:32:03,2025-07-22 12:09:25,2,0.1375,0.3,0.2025,0.2301136363636364,Tara Street
hard_brake,hard_brake_50,53.343669,-6.269768,5,4.0,8.0,10,2025-06-19 20:19:49,2025-07-25 15:19:58,2,0.0625,0.4,0.1975,0.2244318181818182,Lord Edward Street
pothole,pothole_162,53.138699,-6.063512,10,4.5,10.0,10,2025-06-14 22:21:57,2025-08-05 17:03:04,5,0.0268096514745308,0.45,0.1960857908847185,0.2228247623689983,Old Mill Road
hard_brake,hard_brake_41,53.363586,-6.23394,10,3.0,6.0,6,2025-07-01 14:21:09,2025-07-21 15:16:29,1,0.125,0.3,0.195,0.2215909090909091,Fairview
pothole,pothole_101,53.309406,-6.237695,16,4.0,10.0,10,2025-06-25 01:26:22,2025-09-19 02:06:40,3,0.0428954423592493,0.4,0.1857372654155496,0.2110650743358519,Clonskeagh Road
pothole,pothole_177,53.351745,-6.251523,15,4.0,10.0,10,2025-07-19 14:43:09,2025-07-26 18:29:21,2,0.0402144772117962,0.4,0.1841286863270777,0.2092371435534974,Joyce's Walk
hard_brake,hard_brake_39,53.343312,-6.270045,10,2.5,7.199999999999999,9,2025-06-16 07:04:17,2025-09-13 16:23:27,3,0.125,0.25,0.175,0.1988636363636363,Werburgh Street
swerve,swerve_28,53.331509,-6.246199,7,3.0,8.4,9,2025-06-14 08:16:04,2025-09-15 00:20:15,2,0.0625,0.3333333333333333,0.1708333333333333,0.1941287878787879,Burlington Road
swerve,swerve_1,53.342515,-6.238771,13,2.0,7.200000000000003,9,2025-06-13 11:21:43,2025-09-21 13:46:12,3,0.1160714285714285,0.2222222222222222,0.158531746031746,0.1801497113997114,Grand Canal Square
pothole,pothole_174,53.33117,-6.223447,10,3.5,9.1,10,2025-06-15 16:27:15,2025-09-03 16:57:53,4,0.0268096514745308,0.35,0.1560857908847185,0.1773702169144528,Serpentine Avenue
hard_brake,hard_brake_8,53.335379,-6.256394,10,2.0,4.599999999999998,10,2025-06-19 07:42:00,2025-07-30 15:40:08,2,0.125,0.2,0.155,0.1761363636363636,Leeson Street Lower
swerve,swerve_19,53.332466,-6.250511,11,2.0,4.0,7,2025-07-04 11:02:54,2025-08-07 11:12:14,1,0.0982142857142857,0.2222222222222222,0.1478174603174603,0.1679743867243867,Mespil Road
swerve,swerve_21,53.337694,-6.264042,10,2.0,5.1,6,2025-06-23 23:39:04,2025-07-30 15:51:34,2,0.0892857142857142,0.2222222222222222,0.1424603174603174,0.1618867243867244,Cuffe Street
pothole,pothole_85,53.338478,-6.279764,13,3.0,10.0,10,2025-06-20 18:13:56,2025-07-18 01:12:54,4,0.03485254691689,0.3,0.140911528150134,0.1601267365342432,Cork Street
